{"cameraMode":{"drawMode":0,"name":"Shaded","section":"Shading Mode"},"sceneLighting":true,"audioPlay":false,"sceneViewState":{"showFog":true,"showMaterialUpdate":false,"showSkybox":true,"showFlares":true,"showImageEffects":true,"showParticleSystems":true},"in2DMode":false,"pivot":{"x":0.1272396445274353,"y":1.005020260810852,"z":-8.963136672973633},"rotation":{"x":-0.06863892078399658,"y":0.02214272879064083,"z":-0.0015292990719899536,"w":-0.9974026083946228},"size":1.0455350875854493,"orthographic":false}